stage,round,length,count,durability,gold,spawnEnd,spawnPeak,catchPairs,firstCatchTile,peak25,peak50,peak75,peakCore,mid2TilePeak,mid2TileDenseSeconds
1,1,1200.0,6,210.0,53,8.5,1,0,-1,1,1,1,1,2,0
1,2,1200.0,8,300.09656951016206,64,10.85,1,0,-1,1,1,1,1,2,0
1,3,1200.0,9,361.83998182406606,70,7.250000000000001,2,0,-1,2,2,2,2,5,0
1,4,1200.0,10,382.88591255026904,76,10.5,2,21,0.6204545454545488,3,3,2,2,5,0
1,5,1200.0,9,506.6910377367915,107,10.35,1,8,2.1,2,2,1,1,4,0
1,6,1200.0,16,718.4204896855324,108,16.85,2,47,1.163352272727273,3,3,3,3,6,0.05432234432234395
1,7,1200.0,16,651.7581235994712,109,13.909999999999998,2,60,0.5428977272727268,3,3,3,2,6,0.390805860805866
1,8,1200.0,13,654.6754314631258,95,9.92,3,13,0.27920454545454576,3,2,2,2,3,0
1,9,1200.0,15,1086.447102993563,114,14.73,2,56,0.45937499999999987,3,3,3,2,5,0
1,10,1200.0,12,2017.2173277025777,198,10.280000000000001,2,22,0.24882812499999993,2,3,2,2,6,0.015714285714288678
1,11,1200.0,17,1086.0,118,17.805,2,48,1.163352272727273,3,3,3,3,5,0
1,12,1200.0,18,1043.90735251035,124,15.844999999999999,2,77,0.5428977272727268,3,3,3,2,6,0.5540476190476227
1,13,1200.0,15,1056.8024865972723,110,10.98,3,18,0.27920454545454576,3,2,2,2,3,0
1,14,1200.0,16,1622.6483367885996,124,15.86,2,61,0.45937499999999987,3,3,3,2,6,0.5393223443223434
1,15,1200.0,18,1786.6137111864991,176,15.67,2,63,0.5428977272727268,3,3,3,2,6,0.6016666666666701
1,16,1200.0,19,1697.0562748477141,133,19.51,2,60,1.1633522727272758,3,3,3,3,6,0.3197802197802204
1,17,1200.0,20,1649.0996243633135,139,17.75,2,92,0.5428977272727268,3,3,3,3,6,0.6805860805860853
1,18,1200.0,18,2017.6349525488895,134,12.0,4,31,0.27920454545454504,3,2,2,2,3,0
1,19,1200.0,18,2778.797398041229,143,18.54,2,81,0.45937500000000014,3,4,3,2,8,2.997252747252748
1,20,1200.0,14,4247.166177475548,238,11.95,2,27,0.24882812499999993,2,3,2,2,6,0.0952380952380949
1,21,1200.0,20,2540.0,143,20.369999999999997,2,62,1.163352272727273,3,3,3,3,6,0.3925641025641049
1,22,1200.0,22,2576.5434039372485,154,19.625,2,107,0.5428977272727268,3,3,3,3,6,0.7223443223443269
1,23,1200.0,20,3115.269938751959,149,12.979999999999999,4,39,0.27920454545454504,3,2,2,2,3,0
1,24,1200.0,20,4210.5138936396115,158,20.444999999999997,2,101,0.45937500000000014,3,4,3,3,9,3.568076923076937
1,25,1200.0,23,4723.8383205669625,225,20.700000000000003,2,96,0.5428977272727268,3,3,3,3,6,1.1970695970696035
1,26,1200.0,22,3914.543140648727,158,21.95,2,72,1.163352272727273,3,3,3,3,6,0.5156410256410311
1,27,1200.0,24,3989.3660030553683,169,21.47,2,118,0.5428977272727268,3,3,3,3,6,0.808205128205131
1,28,1200.0,23,5451.838084343052,173,13.919999999999998,4,56,0.23624999999999963,3,2,2,2,4,0
1,29,1200.0,22,6922.618079330779,177,23.11,2,122,0.4593749999999996,3,4,3,3,8,4.05670329670329
1,30,1200.0,17,9696.078848050498,287,15.110000000000001,2,45,0.2488281250000001,2,3,3,2,7,1.2709523809523837
1,31,1200.0,23,5816.0,168,22.715,2,74,1.163352272727273,3,3,3,3,6,0.7823443223443256
1,32,1200.0,26,6130.544205707595,184,23.285,2,130,0.5428977272727268,3,3,3,3,6,0.9988827838827845
1,33,1200.0,25,8233.869808618747,188,14.819999999999999,4,67,0.27371093750000053,3,3,2,2,4,0
1,34,1200.0,23,10134.780810655346,187,24.224999999999998,2,124,0.4593749999999996,3,4,3,3,8,4.008479853479848
1,35,1200.0,28,11748.898437521855,274,25.610000000000003,2,124,0.5428977272727268,3,3,3,3,6,1.9890109890109926
1,36,1200.0,25,8869.947463204051,183,24.17,2,86,1.163352272727273,3,3,3,3,6,1.2205860805860809
1,37,1200.0,28,9361.06551476822,199,25.07,2,138,0.5428977272727268,3,3,3,3,6,1.1954212454212474
1,38,1200.0,27,12385.224539639876,203,15.680000000000001,4,79,0.25593749999999965,4,3,2,2,5,0
1,39,1200.0,26,16575.282725158206,211,27.619999999999997,2,156,0.4593749999999996,3,3,4,3,7,4.587838827838837
1,40,1200.0,20,21795.650682299813,336,18.21,2,67,0.24882812499999976,3,3,3,2,6,0.7685714285714198
2,1,1056.0,6,252.0,53,8.5,1,0,-1,1,1,1,1,2,0
2,2,1056.0,8,360.1158834121944,64,10.85,1,0,-1,1,1,1,1,2,0
2,3,1056.0,9,434.2079781888792,70,7.250000000000001,2,0,-1,2,2,2,2,5,0
2,4,1056.0,10,459.4630950603228,76,10.5,2,21,0.6204545454545488,3,3,3,2,5,0
2,5,1056.0,9,608.0292452841497,107,10.35,1,8,2.1,2,2,1,1,4,0
2,6,1056.0,16,862.1045876226389,108,16.85,2,41,1.163352272727273,3,3,3,3,6,0.0845054945054926
2,7,1056.0,16,782.1097483193657,109,13.909999999999998,2,60,0.5428977272727268,3,3,3,2,6,0.5392307692307696
2,8,1056.0,13,785.610517755751,95,9.92,3,13,0.27920454545454576,3,2,2,2,3,0
2,9,1056.0,15,1303.736523592276,114,14.73,2,56,0.45937499999999987,3,3,3,2,7,1.476593406593409
2,10,1056.0,12,2420.6607932430925,198,10.280000000000001,2,22,0.24882812499999993,2,3,2,2,6,0.04761904761904745
2,11,1056.0,17,1303.1999999999998,118,17.805,2,43,1.163352272727273,3,3,3,3,6,0.14824175824175967
2,12,1056.0,18,1252.688823012419,124,15.844999999999999,2,73,0.5428977272727268,3,3,3,3,6,0.6368498168498213
2,13,1056.0,15,1268.1629839167267,110,10.98,3,18,0.27920454545454576,3,2,2,2,3,0
2,14,1056.0,16,1947.178004146319,124,15.86,2,61,0.45937499999999987,3,4,3,2,8,1.8876190476190473
2,15,1056.0,18,2143.9364534237993,176,15.67,2,63,0.5428977272727268,3,3,3,2,6,0.444725274725279
2,16,1056.0,19,2036.4675298172572,133,19.51,2,52,1.1633522727272758,3,3,3,3,6,0.21959706959706438
2,17,1056.0,20,1978.9195492359768,139,17.75,2,86,0.5428977272727268,3,3,3,3,6,0.6705860805860837
2,18,1056.0,18,2421.161943058667,134,12.0,4,31,0.27920454545454504,3,2,2,2,3,0
2,19,1056.0,18,3334.556877649475,143,18.54,2,79,0.45937500000000014,3,4,3,3,9,2.9445054945054956
2,20,1056.0,14,5096.599412970656,238,11.95,2,27,0.24882812499999993,2,3,2,2,6,0.0952380952380949
2,21,1056.0,20,3047.9999999999995,143,20.369999999999997,2,53,1.163352272727273,3,3,3,3,6,0.3227472527472557
2,22,1056.0,22,3091.852084724697,154,19.625,2,95,0.5428977272727268,3,3,3,3,6,0.7086996336996414
2,23,1056.0,20,3738.3239265023517,149,12.979999999999999,4,39,0.27920454545454504,3,2,2,2,4,0
2,24,1056.0,20,5052.616672367533,158,20.444999999999997,2,94,0.45937500000000014,3,4,3,3,8,3.166172161172163
2,25,1056.0,23,5668.6059846803555,225,20.700000000000003,2,89,0.5428977272727268,3,3,3,3,6,1.1883333333333432
2,26,1056.0,22,4697.451768778474,158,21.95,2,62,1.163352272727273,3,3,3,3,6,0.714725274725275
2,27,1056.0,24,4787.239203666444,169,21.47,2,104,0.5428977272727268,3,3,3,3,6,0.8399633699633746
2,28,1056.0,23,6542.205701211664,173,13.919999999999998,4,56,0.23624999999999963,3,3,2,2,5,0
2,29,1056.0,22,8307.141695196937,177,23.11,2,110,0.4593749999999996,3,3,4,3,7,3.797985347985346
2,30,1056.0,17,11635.294617660602,287,15.110000000000001,2,45,0.2488281250000001,3,3,3,2,6,0.1280952380952307
2,31,1056.0,23,6979.199999999999,168,22.715,2,64,1.163352272727273,3,3,3,3,6,0.8273443223443309
2,32,1056.0,26,7356.65304684911,184,23.285,2,110,0.5428977272727268,3,3,3,3,6,0.8849633699633657
2,33,1056.0,25,9880.643770342498,188,14.819999999999999,4,67,0.27371093750000053,3,3,2,2,5,0
2,34,1056.0,23,12161.736972786413,187,24.224999999999998,2,111,0.4593749999999996,3,3,4,3,6,2.7741025641025665
2,35,1056.0,28,14098.678125026223,274,25.610000000000003,2,108,0.5428977272727268,3,3,3,3,6,1.642930402930407
2,36,1056.0,25,10643.936955844863,183,24.17,2,74,1.163352272727273,3,3,3,3,6,1.0736996336996292
2,37,1056.0,28,11233.27861772187,199,25.07,2,115,0.5428977272727268,3,3,3,3,6,1.0044688644688655
2,38,1056.0,27,14862.269447567855,203,15.680000000000001,4,79,0.25593749999999965,3,3,2,2,6,0.24135531135531352
2,39,1056.0,26,19890.33927018984,211,27.619999999999997,2,139,0.4593749999999996,3,3,4,3,6,3.357435897435895
2,40,1056.0,20,26154.780818759784,336,18.21,2,65,0.24882812499999976,3,3,3,3,6,0.047619047619051
3,1,1056.0,6,302.4,53,8.5,1,0,-1,1,1,1,1,2,0
3,2,1056.0,8,432.13906009463335,64,10.85,1,0,-1,1,1,1,1,2,0
3,3,1056.0,9,521.0495738266551,70,7.250000000000001,2,0,-1,2,2,2,2,5,0
3,4,1056.0,10,551.3557140723873,76,10.5,2,21,0.6204545454545488,3,3,3,2,5,0
3,5,1056.0,9,729.6350943409797,107,10.35,1,8,2.1,2,2,1,1,4,0
3,6,1056.0,16,1034.5255051471668,108,16.85,2,41,1.163352272727273,3,3,3,3,6,0.0845054945054926
3,7,1056.0,16,938.5316979832385,109,13.909999999999998,2,60,0.5428977272727268,3,3,3,2,6,0.5392307692307696
3,8,1056.0,13,942.7326213069014,95,9.92,3,13,0.27920454545454576,3,2,2,2,3,0
3,9,1056.0,15,1564.4838283107306,114,14.73,2,56,0.45937499999999987,3,3,3,2,7,1.476593406593409
3,10,1056.0,12,2904.7929518917126,198,10.280000000000001,2,22,0.24882812499999993,2,3,2,2,6,0.04761904761904745
3,11,1056.0,17,1563.8399999999992,118,17.805,2,43,1.163352272727273,3,3,3,3,6,0.14824175824175967
3,12,1056.0,18,1503.2265876149027,124,15.844999999999999,2,73,0.5428977272727268,3,3,3,3,6,0.6368498168498213
3,13,1056.0,15,1521.795580700072,110,10.98,3,18,0.27920454545454576,3,2,2,2,3,0
3,14,1056.0,16,2336.6136049755833,124,15.86,2,61,0.45937499999999987,3,4,3,2,8,1.8876190476190473
3,15,1056.0,18,2572.7237441085576,176,15.67,2,63,0.5428977272727268,3,3,3,2,6,0.444725274725279
3,16,1056.0,19,2443.761035780709,133,19.51,2,52,1.1633522727272758,3,3,3,3,6,0.21959706959706438
3,17,1056.0,20,2374.7034590831718,139,17.75,2,86,0.5428977272727268,3,3,3,3,6,0.6705860805860837
3,18,1056.0,18,2905.394331670401,134,12.0,4,31,0.27920454545454504,3,2,2,2,3,0
3,19,1056.0,18,4001.4682531793674,143,18.54,2,79,0.45937500000000014,3,4,3,3,9,2.9445054945054956
3,20,1056.0,14,6115.9192955647895,238,11.95,2,27,0.24882812499999993,2,3,2,2,6,0.0952380952380949
3,21,1056.0,20,3657.599999999998,143,20.369999999999997,2,53,1.163352272727273,3,3,3,3,6,0.3227472527472557
3,22,1056.0,22,3710.2225016696366,154,19.625,2,95,0.5428977272727268,3,3,3,3,6,0.7086996336996414
3,23,1056.0,20,4485.988711802821,149,12.979999999999999,4,39,0.27920454545454504,3,2,2,2,4,0
3,24,1056.0,20,6063.140006841041,158,20.444999999999997,2,94,0.45937500000000014,3,4,3,3,8,3.166172161172163
3,25,1056.0,23,6802.327181616425,225,20.700000000000003,2,89,0.5428977272727268,3,3,3,3,6,1.1883333333333432
3,26,1056.0,22,5636.9421225341675,158,21.95,2,62,1.163352272727273,3,3,3,3,6,0.714725274725275
3,27,1056.0,24,5744.687044399733,169,21.47,2,104,0.5428977272727268,3,3,3,3,6,0.8399633699633746
3,28,1056.0,23,7850.646841453998,173,13.919999999999998,4,56,0.23624999999999963,3,3,2,2,5,0
3,29,1056.0,22,9968.570034236316,177,23.11,2,110,0.4593749999999996,3,3,4,3,7,3.797985347985346
3,30,1056.0,17,13962.35354119273,287,15.110000000000001,2,45,0.2488281250000001,3,3,3,2,6,0.1280952380952307
3,31,1056.0,23,8375.039999999995,168,22.715,2,64,1.163352272727273,3,3,3,3,6,0.8273443223443309
3,32,1056.0,26,8827.983656218938,184,23.285,2,110,0.5428977272727268,3,3,3,3,6,0.8849633699633657
3,33,1056.0,25,11856.772524410997,188,14.819999999999999,4,67,0.27371093750000053,3,3,2,2,5,0
3,34,1056.0,23,14594.0843673437,187,24.224999999999998,2,111,0.4593749999999996,3,3,4,3,6,2.7741025641025665
3,35,1056.0,28,16918.41375003147,274,25.610000000000003,2,108,0.5428977272727268,3,3,3,3,6,1.642930402930407
3,36,1056.0,25,12772.724347013836,183,24.17,2,74,1.163352272727273,3,3,3,3,6,1.0736996336996292
3,37,1056.0,28,13479.934341266247,199,25.07,2,115,0.5428977272727268,3,3,3,3,6,1.0044688644688655
3,38,1056.0,27,17834.723337081425,203,15.680000000000001,4,79,0.25593749999999965,3,3,2,2,6,0.24135531135531352
3,39,1056.0,26,23868.407124227808,211,27.619999999999997,2,139,0.4593749999999996,3,3,4,3,6,3.357435897435895
3,40,1056.0,20,31385.73698251176,336,18.21,2,65,0.24882812499999976,3,3,3,3,6,0.047619047619051
4,1,1104.0,6,362.88,53,8.5,1,0,-1,1,1,1,1,2,0
4,2,1104.0,8,518.56687211356,64,10.85,1,0,-1,1,1,1,1,2,0
4,3,1104.0,9,625.2594885919862,70,7.250000000000001,2,0,-1,2,2,2,2,5,0
4,4,1104.0,10,661.6268568868649,76,10.5,2,21,0.6204545454545488,3,3,2,2,5,0
4,5,1104.0,9,875.5621132091755,107,10.35,1,8,2.1,2,2,1,1,4,0
4,6,1104.0,16,1241.4306061765994,108,16.85,2,44,1.163352272727273,3,3,3,3,6,0.11824175824175853
4,7,1104.0,16,1126.238037579886,109,13.909999999999998,2,60,0.5428977272727268,3,3,3,2,6,0.3533333333333353
4,8,1104.0,13,1131.2791455682816,95,9.92,3,13,0.27920454545454576,3,2,2,2,3,0
4,9,1104.0,15,1877.3805939728759,114,14.73,2,56,0.45937499999999987,3,3,3,2,7,0.5434798534798517
4,10,1104.0,12,3485.7515422700535,198,10.280000000000001,2,22,0.24882812499999993,2,3,2,2,6,0.04761904761904745
4,11,1104.0,17,1876.608,118,17.805,2,44,1.163352272727273,3,3,3,3,6,0.28509157509157745
4,12,1104.0,18,1803.8719051378844,124,15.844999999999999,2,75,0.5428977272727268,3,3,3,3,6,0.6023443223443259
4,13,1104.0,15,1826.1546968400862,110,10.98,3,18,0.27920454545454576,3,2,2,2,3,0
4,14,1104.0,16,2803.9363259706984,124,15.86,2,61,0.45937499999999987,3,3,3,2,7,2.029468864468864
4,15,1104.0,18,3087.2684929302695,176,15.67,2,63,0.5428977272727268,3,3,3,2,6,0.6348168498168469
4,16,1104.0,19,2932.5132429368487,133,19.51,2,55,1.1633522727272758,3,3,3,3,6,0.3072527472527504
4,17,1104.0,20,2849.644150899805,139,17.75,2,88,0.5428977272727268,3,3,3,3,6,0.6705860805860802
4,18,1104.0,18,3486.473198004481,134,12.0,4,31,0.27920454545454504,3,2,2,2,3,0
4,19,1104.0,18,4801.7619038152425,143,18.54,2,80,0.45937500000000014,3,4,3,3,9,3.0476190476190474
4,20,1104.0,14,7339.103154677744,238,11.95,2,27,0.24882812499999993,2,3,2,2,6,0.0952380952380949
4,21,1104.0,20,4389.120000000001,143,20.369999999999997,2,55,1.163352272727273,3,3,3,3,6,0.3291025641025698
4,22,1104.0,22,4452.267002003566,154,19.625,2,100,0.5428977272727268,3,3,3,3,6,0.7391941391941401
4,23,1104.0,20,5383.186454163388,149,12.979999999999999,4,39,0.27920454545454504,3,2,2,2,4,0
4,24,1104.0,20,7275.7680082092475,158,20.444999999999997,2,98,0.45937500000000014,3,4,3,3,8,3.3044688644688662
4,25,1104.0,23,8162.792617939709,225,20.700000000000003,2,92,0.5428977272727268,3,3,3,3,6,1.1806776556776626
4,26,1104.0,22,6764.330547040997,158,21.95,2,66,1.163352272727273,3,3,3,3,6,0.7033333333333367
4,27,1104.0,24,6893.624453279675,169,21.47,2,109,0.5428977272727268,3,3,3,3,6,0.9191941391941363
4,28,1104.0,23,9420.776209744798,173,13.919999999999998,4,56,0.23624999999999963,3,3,2,2,4,0
4,29,1104.0,22,11962.28404108359,177,23.11,2,115,0.4593749999999996,3,4,3,3,8,4.612234432234448
4,30,1104.0,17,16754.82424943127,287,15.110000000000001,2,45,0.2488281250000001,3,3,3,2,6,0.5204761904761988
4,31,1104.0,23,10050.048000000004,168,22.715,2,68,1.163352272727273,3,3,3,3,6,0.7904945054945038
4,32,1104.0,26,10593.580387462724,184,23.285,2,118,0.5428977272727268,3,3,3,3,6,1.099194139194136
4,33,1104.0,25,14228.1270292932,188,14.819999999999999,4,67,0.27371093750000053,3,3,2,2,5,0
4,34,1104.0,23,17512.901240812436,187,24.224999999999998,2,116,0.4593749999999996,3,3,4,3,7,2.858992673992688
4,35,1104.0,28,20302.09650003776,274,25.610000000000003,2,114,0.5428977272727268,3,3,3,3,6,1.8279304029304058
4,36,1104.0,25,15327.269216416593,183,24.17,2,77,1.163352272727273,3,3,3,3,6,1.0499633699633897
4,37,1104.0,28,16175.921209519482,199,25.07,2,122,0.5428977272727268,3,3,3,3,6,1.2282051282051292
4,38,1104.0,27,21401.66800449772,203,15.680000000000001,4,79,0.25593749999999965,3,3,2,2,5,0
4,39,1104.0,26,28642.088549073393,211,27.619999999999997,2,145,0.4593749999999996,3,3,4,3,6,3.4604761904761965
4,40,1104.0,20,37662.88437901409,336,18.21,2,66,0.24882812499999976,3,3,3,3,6,0.0476190476190439
5,1,1344.0,6,435.456,53,8.5,1,0,-1,1,1,1,1,2,0
5,2,1344.0,8,622.280246536272,64,10.85,1,0,-1,1,1,1,1,2,0
5,3,1344.0,9,750.3113863103833,70,7.250000000000001,2,0,-1,2,2,2,2,5,0
5,4,1344.0,10,793.9522282642376,76,10.5,2,21,0.6204545454545488,3,3,2,2,5,0
5,5,1344.0,9,1050.6745358510107,107,10.35,1,8,2.1,2,2,1,1,4,0
5,6,1344.0,16,1489.7167274119195,108,16.85,2,48,1.163352272727273,3,3,3,2,6,0.11824175824175498
5,7,1344.0,16,1351.4856450958628,109,13.909999999999998,2,60,0.5428977272727268,3,3,3,2,6,0.136813186813189
5,8,1344.0,13,1357.5349746819377,95,9.92,3,13,0.27920454545454576,3,2,2,2,3,0
5,9,1344.0,15,2252.856712767452,114,14.73,2,56,0.45937499999999987,3,3,2,2,5,0
5,10,1344.0,12,4182.901850724065,198,10.280000000000001,2,22,0.24882812499999993,2,2,2,2,5,0
5,11,1344.0,17,2251.929600000001,118,17.805,2,52,1.163352272727273,3,3,3,2,6,0.14824175824175612
5,12,1344.0,18,2164.6462861654613,124,15.844999999999999,2,77,0.5428977272727268,3,3,3,2,6,0.600915750915739
5,13,1344.0,15,2191.3856362081033,110,10.98,3,18,0.27920454545454576,3,2,2,2,3,0
5,14,1344.0,16,3364.7235911648404,124,15.86,2,61,0.45937499999999987,3,3,3,2,5,0
5,15,1344.0,18,3704.7221915163236,176,15.67,2,63,0.5428977272727268,3,3,3,2,6,0.6165384615384468
5,16,1344.0,19,3519.015891524219,133,19.51,2,67,1.1633522727272758,3,3,3,3,6,0.3055311355311332
5,17,1344.0,20,3419.572981079765,139,17.75,2,96,0.5428977272727268,3,3,3,2,6,0.6696336996336996
5,18,1344.0,18,4183.767837605376,134,12.0,4,31,0.27920454545454504,3,2,2,2,3,0
5,19,1344.0,18,5762.114284578291,143,18.54,2,81,0.45937500000000014,3,3,3,2,6,2.354725274725265
5,20,1344.0,14,8806.923785613295,238,11.95,2,27,0.24882812499999993,2,3,2,2,6,0.04761904761904745
5,21,1344.0,20,5266.944000000002,143,20.369999999999997,2,70,1.163352272727273,3,3,3,3,6,0.3291025641025698
5,22,1344.0,22,5342.72040240428,154,19.625,2,113,0.5428977272727268,3,3,3,3,6,0.8044871794871824
5,23,1344.0,20,6459.82374499606,149,12.979999999999999,4,39,0.27920454545454504,3,2,2,2,3,0
5,24,1344.0,20,8730.921609851099,158,20.444999999999997,2,103,0.45937500000000014,3,4,3,2,8,3.7430036630036625
5,25,1344.0,23,9795.351141527652,225,20.700000000000003,2,99,0.5428977272727268,3,3,3,2,6,1.2211172161172072
5,26,1344.0,22,8117.196656449199,158,21.95,2,82,1.163352272727273,3,3,3,3,6,0.47648351648351195
5,27,1344.0,24,8272.34934393561,169,21.47,2,130,0.5428977272727268,3,3,3,3,6,1.0277289377289343
5,28,1344.0,23,11304.931451693756,173,13.919999999999998,4,56,0.23624999999999963,3,2,2,2,3,0
5,29,1344.0,22,14354.740849300302,177,23.11,2,127,0.4593749999999996,3,4,3,3,9,3.401428571428575
5,30,1344.0,17,20105.789099317524,287,15.110000000000001,2,45,0.2488281250000001,2,3,2,2,7,1.519047619047619
5,31,1344.0,23,12060.057600000006,168,22.715,2,84,1.163352272727273,3,3,3,3,6,0.6276739926739907
5,32,1344.0,26,12712.296464955276,184,23.285,2,144,0.5428977272727268,3,3,3,3,6,1.1582051282051253
5,33,1344.0,25,17073.75243515183,188,14.819999999999999,4,67,0.27371093750000053,3,2,2,2,4,0
5,34,1344.0,23,21015.48148897493,187,24.224999999999998,2,133,0.4593749999999996,3,4,3,3,9,4.207619047619048
5,35,1344.0,28,24362.51580004531,274,25.610000000000003,2,135,0.5428977272727268,3,3,3,3,6,1.956501831501818
5,36,1344.0,25,18392.723059699925,183,24.17,2,98,1.163352272727273,3,3,3,3,6,1.2205860805860809
5,37,1344.0,28,19411.105451423384,199,25.07,2,157,0.5428977272727268,3,3,3,3,6,1.2367765567765545
5,38,1344.0,27,25682.001605397258,203,15.680000000000001,4,79,0.25593749999999965,3,3,2,2,4,0
5,39,1344.0,26,34370.50625888805,211,27.619999999999997,2,172,0.4593749999999996,3,4,3,3,8,5.544285714285699
5,40,1344.0,20,45195.46125481691,336,18.21,2,67,0.24882812499999976,3,3,3,2,7,1.8328571428571294
6,1,864.0,6,522.5471999999999,53,8.5,1,0,-1,1,1,1,1,2,0
6,2,864.0,7,882.74897830074,65,8.55,2,0,-1,1,1,1,1,2,0
6,3,864.0,8,1291.9647489992124,77,9.65,1,1,8.373749999999992,2,2,2,2,4,0
6,4,864.0,10,912.9174174510977,76,10.149999999999999,2,24,0.9306818181818178,3,3,3,2,6,0.00073260073260073
6,5,864.0,11,2055.3820607585394,129,11.25,2,3,5.3287499999999985,2,2,3,3,5,0
6,6,864.0,13,1766.5459775451584,99,13.07,2,27,1.3143457031249997,3,3,3,3,6,0.09512820512820497
6,7,864.0,13,1535.0362536391153,97,11.02,2,35,0.5428977272727268,3,3,3,2,6,0.24161172161172217
6,8,864.0,14,2692.163652024328,115,10.69,4,13,0.592744140625,3,3,3,3,6,0.15124794745484849
6,9,864.0,15,2608.1148867038573,115,7.949999999999999,3,43,0.35676136363636163,4,3,2,2,6,0.9560351143109749
6,10,864.0,11,7262.229596150715,204,9.29,2,12,0.4510009765625001,3,2,2,2,4,0
6,11,864.0,15,3060.633599999999,117,14.12,3,29,0.6249584960937516,3,3,3,3,6,0.14824175824175612
6,12,864.0,15,2474.8974376528295,112,12.985,2,47,0.5428977272727268,3,3,3,3,6,0.37661172161171663
6,13,864.0,16,4453.276723320293,133,13.11,3,13,0.6249584960937505,3,3,3,3,6,0.3212479474548502
6,14,864.0,17,4380.778211258622,133,9.14,3,54,0.27920454545454504,4,4,3,2,7,3.380885436402675
6,15,864.0,17,4524.467220008413,175,15.285,2,42,0.5428977272727268,3,3,3,2,6,0.48485347985347893
6,16,864.0,16,4574.720658981486,127,15.129999999999999,3,30,0.6571728515624998,3,3,3,3,6,0.17824175824175725
6,17,864.0,17,3929.9945363438783,127,14.919999999999998,2,56,0.5428977272727268,3,3,3,3,6,0.4692307692307658
6,18,864.0,20,8019.898927351751,164,15.45,3,19,0.6571728515625004,3,3,3,3,6,0.9595566502463129
6,19,864.0,19,6689.251470217203,148,10.080000000000002,3,67,0.4808522727272695,4,4,3,3,8,3.8976228369331825
6,20,864.0,14,15778.1689051919,252,12.29,2,20,0.4510009765625001,3,2,2,2,4,0
6,21,864.0,19,7813.324799999999,150,16.875,3,40,0.6893872070312502,3,3,3,3,6,0.3339743589743627
6,22,864.0,20,6997.985858190761,150,18.145,2,65,0.5428977272727268,3,3,3,3,6,0.5223443223443205
6,23,864.0,22,12633.814580921493,182,17.71,3,19,0.6893872070312502,3,3,3,3,6,1.079211822660099
6,24,864.0,21,10844.723683815047,166,11.200000000000001,3,80,0.27920454545454504,4,4,3,3,9,4.596673613742579
6,25,864.0,23,12936.430222665567,232,20.395,2,64,0.5428977272727268,3,3,3,3,6,0.9963186813186766
6,26,864.0,20,11542.372124199439,160,17.79,3,41,0.23194335937499966,3,3,3,3,6,0.1889743589743631
6,27,864.0,22,10756.56853901415,165,20.0,2,70,0.5428977272727268,3,3,3,3,6,0.5692307692307672
6,28,864.0,26,21310.941101309698,213,19.889999999999997,3,27,0.23194335937499966,3,3,3,3,6,1.4971756978653659
6,29,864.0,23,16324.546334053377,181,12.32,3,95,0.4808522727272708,4,4,3,3,9,4.9852380952380955
6,30,864.0,17,34063.75723616473,300,15.149999999999999,2,30,0.4510009765624996,3,3,2,2,5,0
6,31,864.0,22,18572.820479999995,178,19.15,3,42,0.23194335937499966,3,3,3,3,6,0.23397435897436125
6,32,864.0,24,16428.198508557583,180,21.825000000000003,2,76,0.5428977272727268,3,3,3,3,6,0.7192307692307658
6,33,864.0,28,32722.151430404803,231,21.989999999999995,3,27,0.2319433593750002,3,3,3,3,7,1.736830870279153
6,34,864.0,25,25855.781890225706,199,13.440000000000001,3,107,0.5506534090909071,4,4,4,3,9,4.919340027788312
6,35,864.0,29,33647.852010628616,289,26.505000000000003,2,78,0.5428977272727268,3,3,3,3,6,1.3582051282051175
6,36,864.0,24,27870.605860871816,193,20.230000000000004,3,53,0.23194335937499966,3,3,3,3,6,0.5741025641025601
6,37,864.0,27,27306.29601068107,203,24.88,2,78,0.5428977272727268,3,3,3,3,6,0.8692307692307644
6,38,864.0,32,53164.16869583178,262,24.009999999999998,3,34,0.2319433593750002,3,3,3,3,7,2.4147947454844036
6,39,864.0,27,38541.1794553447,214,14.560000000000002,3,123,0.27920454545454504,5,4,4,3,9,5.464957685992168
6,40,864.0,21,77005.63658731675,357,17.869999999999997,3,48,0.4510009765624996,3,3,2,2,6,0.3780712391057186
7,1,960.0,6,627.0566399999998,53,8.25,1,0,-1,1,1,1,1,2,0
7,2,960.0,9,1158.508024694385,75,7.25,3,10,0.775568181818182,3,2,2,2,3,0
7,3,960.0,8,1179.9182486435282,74,5.04,3,2,0.4510009765624996,2,2,2,2,3,0
7,4,960.0,11,1128.586498620753,81,9.4,2,30,0.6204545454545461,3,3,2,2,6,0.16428571428571104
7,5,960.0,14,2131.5559646077368,137,12.379999999999999,2,18,0.6442871093750001,3,2,2,2,4,0
7,6,960.0,13,2010.0618772386338,99,11.559999999999999,2,30,0.5428977272727268,3,3,3,2,6,0.14428571428571502
7,7,960.0,15,2235.797275570682,110,12.52,2,36,0.5428977272727274,3,3,3,2,6,0.21805860805861244
7,8,960.0,14,2624.2532175588494,109,8.469999999999999,3,23,0.23194335937499996,3,2,2,2,4,0
7,9,960.0,15,2994.5664612785813,115,8.809999999999999,3,21,0.27920454545454504,3,2,2,2,3,0
7,10,960.0,13,8959.845414790552,214,10.629999999999999,2,16,0.4510009765625001,3,2,2,2,4,0
7,11,960.0,16,3648.8724479999983,122,14.765,2,42,0.5428977272727268,3,3,3,2,6,0.14824175824175612
7,12,960.0,17,3526.728848655284,125,14.344999999999999,2,50,0.5428977272727268,3,3,3,2,6,0.4447252747252719
7,13,960.0,17,4637.353116761775,132,10.93,3,28,0.23194335937499996,3,2,2,2,4,0
7,14,960.0,17,5065.772622473608,133,10.055,3,22,0.27920454545454504,3,2,2,2,4,0
7,15,960.0,18,5500.281195180038,180,15.614999999999998,2,48,0.5428977272727268,3,3,3,2,6,0.6727838827838752
7,16,960.0,18,5641.686277291627,137,16.519999999999996,2,55,0.5428977272727268,3,3,3,3,6,0.46787545787546136
7,17,960.0,19,5503.500986020143,140,16.14,2,64,0.5428977272727268,3,3,3,3,6,0.712967032967029
7,18,960.0,20,7867.908907357583,155,13.309999999999999,4,33,0.23194335937499996,3,2,2,2,5,0
7,19,960.0,19,7756.758958728547,148,10.709999999999999,3,28,0.27920454545454504,3,2,2,2,4,0
7,20,960.0,16,19424.14248504967,262,13.57,2,26,0.4510009765625001,3,3,2,2,4,0
7,21,960.0,21,9590.980607999996,160,19.525,2,67,0.5428977272727268,3,3,3,3,6,0.8057692307692328
7,22,960.0,22,9511.286876772689,163,19.224999999999998,2,76,0.5428977272727268,3,3,3,3,6,0.7735714285714295
7,23,960.0,23,12979.100735078813,178,15.61,4,39,0.23194335937499996,3,3,2,2,5,0
7,24,960.0,21,12631.345958504582,166,11.879999999999999,3,29,0.2792045454545454,3,2,2,2,5,0
7,25,960.0,23,14026.505053610985,228,20.235,2,76,0.5428977272727268,3,3,3,3,6,1.4148717948717966
7,26,960.0,23,14526.497600211977,175,21.119999999999997,2,76,0.5428977272727268,3,3,3,3,6,0.9080219780219814
7,27,960.0,24,14482.897331631952,178,20.939999999999998,2,85,0.5428977272727268,3,3,3,3,6,0.9080219780219814
7,28,960.0,26,20974.622759194943,201,17.83,3,46,0.23194335937499966,3,3,2,2,5,0
7,29,960.0,23,19048.76998979986,181,12.469999999999999,3,38,0.27920454545454504,3,3,3,2,5,0
7,30,960.0,19,41857.18828103647,310,16.37,2,38,0.4510009765624996,3,3,2,2,6,0.2237779461917384
7,31,960.0,26,23768.43263999999,198,23.924999999999997,2,86,0.5428977272727268,3,3,3,3,6,1.2880219780219804
7,32,960.0,26,21941.245904156647,193,22.624999999999996,2,95,0.5428977272727268,3,3,3,3,6,1.0880219780219846
7,33,960.0,29,33366.99047326815,224,19.97,3,53,0.23194335937499966,3,3,2,2,5,0
7,34,960.0,25,30262.2933441239,199,13.564999999999998,3,39,0.2792045454545454,3,3,2,2,6,0.575344827586207
7,35,960.0,29,37382.99998557896,285,25.005000000000003,2,98,0.5428977272727268,3,3,3,3,6,1.7329304029304033
7,36,960.0,28,35539.2452916814,213,25.36,2,92,0.5428977272727268,3,3,3,3,6,1.5270695970695911
7,37,960.0,29,35917.58538244724,216,25.54,2,102,0.5428977272727268,3,3,3,3,6,1.270402930402934
7,38,960.0,32,52426.85540734942,247,22.03,3,61,0.23194335937499966,3,3,2,2,6,0.2237779461917384
7,39,960.0,27,45168.04412428526,214,14.09,3,46,0.27920454545454504,3,3,2,2,6,0.6133169129720919
7,40,960.0,22,89732.18318394719,358,19.03,2,52,0.4510009765624996,3,3,2,2,6,0.6302614626752536
8,1,864.0,6,752.4679679999997,53,8.5,1,0,-1,1,1,1,1,2,0
8,2,864.0,5,1497.7396562347299,64,5.0,2,0,-1,2,2,2,2,3,0
8,3,864.0,8,2568.380187744983,89,6.999999999999999,2,0,-1,2,2,2,2,5,0
8,4,864.0,10,2492.4483585174935,91,10.64,2,3,4.567499999999995,2,2,2,2,5,0
8,5,864.0,9,3442.0097794479098,131,9.580000000000002,2,0,-1,2,2,2,2,4,0
8,6,864.0,14,4008.2998610817463,119,10.95,3,11,1.370249999999997,3,3,3,3,6,1.5308045977011595
8,7,864.0,10,3323.8249376095323,100,7.249999999999999,3,8,0.592744140625,3,2,2,2,4,0
8,8,864.0,13,4802.237865773126,120,7.249999999999999,4,14,1.0893750000000002,3,3,3,3,7,1.3537766830870268
8,9,864.0,13,5146.9111053225615,121,7.6,3,22,0.5550781250000001,4,3,3,3,7,2.9606896551724127
8,10,864.0,11,11955.37582212351,216,10.669999999999998,2,5,0.4772727272727271,2,2,2,3,4,0
8,11,864.0,16,6478.3908864,137,13.37,3,11,1.370249999999997,3,3,3,3,6,1.7599014778325213
8,12,864.0,12,5898.79003070909,121,9.869999999999997,3,8,0.6249584960937505,3,2,2,2,4,0
8,13,864.0,16,8363.699585733659,146,9.87,4,17,0.9056250000000006,3,3,3,3,7,1.5168308702791542
8,14,864.0,15,8275.810832882864,139,8.86,3,26,0.5550781250000001,3,3,3,3,7,3.4234154351395816
8,15,864.0,17,10099.08363859991,196,12.589999999999998,3,13,1.370249999999997,3,3,3,3,7,2.5799014778325216
8,16,864.0,18,10307.056785638775,155,14.37,3,13,1.370249999999997,3,3,3,3,7,2.5789983579638864
8,17,864.0,14,9428.366162892398,139,11.069999999999999,3,12,0.6571728515625004,3,2,2,2,4,0
8,18,864.0,19,14051.639039971305,172,12.409999999999998,4,20,0.721875000000001,3,3,3,3,7,1.9044499178981944
8,19,864.0,18,14411.351094903172,166,11.629999999999999,3,44,0.5550781249999999,3,4,3,4,9,4.823382594417076
8,20,864.0,14,26464.976232642533,267,14.19,2,6,0.4772727272727277,2,2,2,3,4,0
8,21,864.0,20,16195.977216000005,173,16.65,3,13,1.370249999999997,3,3,3,3,7,2.765369458128081
8,22,864.0,16,15730.106748557575,160,13.549999999999997,3,12,0.6893872070312502,3,2,2,2,4,0
8,23,864.0,23,24728.891294826688,207,14.87,4,28,0.23624999999999963,3,3,3,3,7,2.2463875205254595
8,24,864.0,20,22374.686857346423,184,12.809999999999999,3,49,0.5550781249999999,3,4,3,3,9,5.900344827586206
8,25,864.0,23,27914.321068489633,259,16.54,3,16,1.370249999999997,3,3,4,4,7,4.167865353037772
8,26,864.0,22,25195.027698228114,191,17.549999999999997,3,15,1.370249999999997,3,3,3,3,7,3.4820853858784986
8,27,864.0,18,24418.16490113146,178,14.649999999999999,3,18,0.23194335937499966,3,2,2,2,4,0
8,28,864.0,26,39419.096760018925,233,17.249999999999996,4,32,0.3543750000000018,3,3,3,3,7,3.267635467980309
8,29,864.0,23,37057.759958322444,211,15.499999999999996,3,69,0.5550781250000002,3,4,4,4,10,7.239999999999998
8,30,864.0,18,60819.96559174241,327,17.549999999999997,3,12,0.4772727272727277,3,2,2,3,4,0
8,31,864.0,24,38870.34531840001,209,19.689999999999998,3,15,1.370249999999997,3,3,3,3,7,3.682085385878487
8,32,864.0,20,39325.266871393935,199,16.989999999999995,3,18,0.2319433593750002,3,2,2,2,4,0
8,33,864.0,29,62036.259919378805,259,19.549999999999997,4,36,0.23624999999999963,3,3,3,3,7,4.378325123152724
8,34,864.0,25,56395.50409785424,229,16.599999999999994,3,76,0.5550781250000002,4,3,4,3,9,8.104334975369461
8,35,864.0,29,71260.94971955889,322,21.45,3,20,1.370249999999997,3,3,4,4,7,5.584236453201974
8,36,864.0,26,59551.88365035737,227,20.490000000000002,3,18,1.370249999999997,3,3,3,3,7,4.390049261083746
8,37,864.0,22,59959.19495295624,217,17.989999999999995,3,23,0.2319433593750002,3,2,2,2,4,0
8,38,864.0,33,101469.8308801905,294,21.769999999999996,4,45,0.4440624999999991,3,3,3,3,7,6.453185550082125
8,39,864.0,28,90585.63545367707,256,19.209999999999997,3,93,0.5550781249999995,4,3,5,5,9,8.972725779967163
8,40,864.0,21,131856.8295370669,378,20.75,3,14,0.4772727272727277,3,2,2,3,4,0
9,1,816.0,7,1423.2394137599995,64,8.35,2,0,-1,1,1,1,1,3,0
9,2,816.0,9,2442.467747090482,84,5.72,2,7,1.370249999999997,2,2,2,2,6,0.1755665024630524
9,3,816.0,8,3082.0562252939785,89,6.8999999999999995,2,0,-1,2,2,2,2,5,0
9,4,816.0,9,2233.939555315502,83,5.0,3,15,0.23194335937499966,3,2,2,2,3,0
9,5,816.0,15,5174.361954159056,160,15.54,2,3,2.664374999999996,2,2,2,2,5,0
9,6,816.0,14,4049.8524007288656,113,12.07,3,10,0.5412011718750003,3,2,2,2,5,0
9,7,816.0,12,3910.382279540624,107,10.32,2,24,0.4510009765624996,3,3,2,2,6,0.11824175824175853
9,8,816.0,15,6999.0434058249775,141,10.009999999999998,4,8,0.41234375000000006,3,2,2,2,6,0.47034482758620655
9,9,816.0,18,6805.152283255577,145,10.829999999999998,4,22,0.23194335937499966,3,3,3,3,7,2.3703448275862087
9,10,816.0,14,15806.77206012303,240,9.5,3,15,0.23194335937499966,3,2,2,2,4,0
9,11,816.0,16,6699.11482368,131,14.469999999999999,3,10,0.5669726562500003,3,2,2,2,5,0
9,12,816.0,14,6451.801596088066,125,12.329999999999998,2,35,0.4510009765624996,3,3,3,2,6,0.18358658582796394
9,13,816.0,16,10668.656164479155,154,11.229999999999999,4,8,0.4381152343750001,3,2,2,2,6,0.4953448275862051
9,14,816.0,20,10820.313865082666,163,13.249999999999998,4,21,0.23194335937499966,3,3,3,3,7,1.671822660098524
9,15,816.0,20,13889.076824321672,220,11.229999999999999,3,19,0.23838623046875065,3,3,3,3,7,1.0710344827586162
9,16,816.0,19,11115.811093892442,154,16.79,3,14,0.23194335937499966,3,2,2,2,5,0
9,17,816.0,17,11444.385471455567,151,15.609999999999998,2,48,0.4510009765624996,3,3,3,2,6,0.5554566123531739
9,18,816.0,20,18664.115748866607,188,13.749999999999998,4,14,0.23194335937499966,3,2,2,2,6,0.9706896551724142
9,19,816.0,24,18491.44789839525,194,15.589999999999998,4,27,0.23194335937499966,3,3,3,3,7,2.0221674876847224
9,20,816.0,17,34469.9963300957,291,11.18,3,20,0.23194335937499966,3,2,2,2,5,0
9,21,816.0,21,17663.64807168,172,19.029999999999998,3,14,0.2319433593750002,3,2,2,2,5,0
9,22,816.0,19,18028.17703135465,169,17.459999999999997,2,61,0.4510009765625007,3,3,3,3,6,0.7500701023114864
9,23,816.0,21,27936.07373439542,201,14.869999999999997,4,14,0.23194335937499966,3,2,2,2,6,1.035689655172412
9,24,816.0,26,28543.606830002802,212,17.849999999999998,4,25,0.23194335937499996,3,2,3,3,6,0.5771674876847328
9,25,816.0,26,35857.42055952327,282,14.869999999999997,3,30,0.2512719726562504,3,3,3,3,6,1.56172413793103
9,26,816.0,24,28263.834772654303,195,21.189999999999998,3,18,0.2319433593750008,3,2,2,2,5,0
9,27,816.0,22,30136.012767659762,195,20.54,2,71,0.4510009765624996,3,3,3,3,6,0.8536566881394556
9,28,816.0,25,46660.289372166546,235,17.249999999999996,4,20,0.23194335937499966,3,2,2,2,6,1.631034482758622
9,29,816.0,30,46745.18246055867,243,20.029999999999998,4,34,0.23194335937499966,3,2,3,3,6,0.723546798029556
9,30,816.0,21,77156.30463459039,350,13.5,3,27,0.2319433593750008,3,2,2,2,6,0.21034482758620499
9,31,816.0,26,43858.132992,213,23.269999999999996,3,18,0.25127197265625095,3,2,2,2,5,0
9,32,816.0,24,46305.501741066335,213,22.23,2,81,0.4510009765624996,3,3,3,3,6,1.0836566881394454
9,33,816.0,26,69069.67027966506,248,18.269999999999996,4,20,0.23194335937499966,3,2,2,2,6,1.7760344827586216
9,34,816.0,32,70893.17185968056,261,22.129999999999995,4,34,0.23194335937499966,3,2,2,2,6,0.7420689655172374
9,35,816.0,33,92593.84549547786,353,18.269999999999996,4,47,0.2641577148437512,3,3,3,3,7,2.9845793861311094
9,36,816.0,29,68592.09471504744,236,25.269999999999996,3,24,0.2319433593750002,3,2,2,2,5,0
9,37,816.0,27,74766.50918481678,239,25.11,2,89,0.4510009765624996,3,3,3,3,6,1.3136566881394494
9,38,816.0,30,111984.69449319973,282,20.509999999999998,4,28,0.23194335937499966,3,2,2,2,6,2.531379310344832
9,39,816.0,36,113014.93824865369,292,24.15,4,43,0.23194335937499966,4,3,2,2,6,1.3227586206896582
9,40,816.0,26,177420.9866971779,418,15.659999999999998,3,42,0.2319433593750002,3,2,2,2,6,0.6606896551724084
10,1,1056.0,8,2110.350163968,72,7.75,2,4,3.4256249999999997,2,2,2,2,5,0
10,2,1056.0,9,2333.7088058992836,81,5.12,3,15,0.23194335937499966,3,2,2,2,3,0
10,3,1056.0,9,4160.775904146872,97,6.34,2,0,-1,2,2,2,2,6,0.450344827586207
10,4,1056.0,16,3798.7559831620947,115,6.6,4,37,0.23194335937499966,3,2,2,2,4,0
10,5,1056.0,11,6018.599957206059,147,11.35,2,0,-1,2,2,2,2,4,0
10,6,1056.0,17,6158.694461648937,134,14.2,4,16,0.23194335937499966,3,2,2,3,5,0
10,7,1056.0,15,5646.592011656663,125,10.229999999999999,3,0,-1,2,2,2,2,6,0.15034482758620626
10,8,1056.0,15,8147.389449654944,139,11.739999999999998,3,12,0.2319433593750002,3,2,2,2,4,0
10,9,1056.0,19,8480.612218340942,150,10.03,4,39,0.27920454545454504,3,2,3,2,6,0.5503448275862048
10,10,1056.0,19,20113.91685295249,262,12.02,3,31,0.28348632812500024,3,3,3,3,7,0.6319540229885021
10,11,1056.0,19,9875.819593727998,152,16.58,3,15,0.36724365234375017,3,2,2,3,5,0
10,12,1056.0,16,8228.81209283918,135,10.87,3,0,-1,2,2,2,2,6,0.1903448275862054
10,13,1056.0,16,12446.765525225679,152,12.94,3,12,0.2319433593750002,3,2,2,2,4,0
10,14,1056.0,21,13429.04707091082,168,11.27,4,41,0.27920454545454504,3,2,3,2,6,0.9643349753694501
10,15,1056.0,24,16639.65870521675,231,13.71,3,37,0.23194335937499996,3,3,3,3,8,3.165582922824303
10,16,1056.0,23,17075.053365235206,183,20.22,3,20,0.23194335937499966,3,2,2,2,5,0
10,17,1056.0,19,14421.489846945833,161,12.819999999999999,3,0,-1,2,2,2,2,6,0.46068965517241267
10,18,1056.0,19,20586.407909827718,178,15.439999999999998,3,16,0.2319433593750002,3,2,2,2,4,0
10,19,1056.0,24,21417.139331064413,191,12.469999999999999,4,54,0.27920454545454504,4,2,2,2,6,1.2383251231526984
10,20,1056.0,24,45831.61523219428,326,15.54,3,41,0.2448291015625005,3,3,3,3,7,1.3022988505747115
10,21,1056.0,25,26479.992766463994,201,22.419999999999998,3,20,0.23194335937499966,3,2,2,2,5,0
10,22,1056.0,20,20881.71670871017,171,13.379999999999999,3,0,-1,2,2,2,2,6,0.540689655172411
10,23,1056.0,20,30962.81100179952,191,16.54,3,16,0.2319433593750002,3,2,2,2,4,0
10,24,1056.0,26,33159.70941823768,209,13.629999999999997,4,56,0.27920454545454576,4,3,3,3,7,1.6222988505747082
10,25,1056.0,32,45588.85216453822,304,18.189999999999998,3,57,0.23194335937499996,3,4,4,4,8,3.7943185550082106
10,26,1056.0,29,43665.43561434511,232,25.839999999999996,3,25,0.23194335937499966,3,2,2,2,5,0
10,27,1056.0,23,35099.591341156665,197,15.209999999999997,3,0,-1,2,2,2,2,6,0.9310344827586192
10,28,1056.0,24,53243.02241173684,226,20.45,3,21,0.2319433593750002,3,2,2,2,4,0
10,29,1056.0,29,51746.10845089389,232,14.749999999999998,4,69,0.23194335937499966,4,3,3,3,7,2.600262725779963
10,30,1056.0,30,106876.24560448666,399,18.9,3,61,0.23624999999999963,4,3,3,3,7,2.282298850574712
10,31,1056.0,31,66416.69269094398,250,27.859999999999996,3,25,0.23194335937499966,3,2,2,2,5,0
10,32,1056.0,24,50611.618463483974,207,15.689999999999998,3,0,-1,2,2,2,2,6,1.0510344827586167
10,33,1056.0,25,78995.47186676571,239,21.45,3,21,0.23838623046875065,3,2,2,2,4,0
10,34,1056.0,31,78922.64938930744,250,15.829999999999998,4,73,0.23194335937499966,4,3,3,3,7,3.5382266009852152
10,35,1056.0,40,115796.77383728587,377,22.509999999999998,3,78,0.23194335937499966,4,3,4,3,8,4.310689655172418
10,36,1056.0,35,106361.52899643956,281,31.059999999999995,3,31,0.23194335937499966,3,2,2,2,5,0
10,37,1056.0,27,82712.40597684334,233,17.4,3,0,-1,2,2,2,2,6,1.5613793103448188
10,38,1056.0,28,123652.560865545,265,23.669999999999998,3,27,0.23194335937499966,3,2,2,2,4,0
10,39,1056.0,34,121315.8764793179,273,16.869999999999997,4,88,0.23194335937499966,4,3,3,3,7,4.718555008210174
10,40,1056.0,36,244178.5214891695,472,22.099999999999998,3,84,0.2319433593750002,4,3,3,3,7,3.350246305418729
11,1,1152.0,7,1925.6300273663992,62,8.15,2,0,-1,1,1,1,1,2,0
11,2,1152.0,9,2966.3540366928332,77,7.199999999999999,2,12,3.360000000000003,2,2,2,2,6,1.0309523809523782
11,3,1152.0,6,3157.92222468583,69,6.119999999999999,2,0,-1,1,1,1,1,3,0
11,4,1152.0,10,4009.656817009891,91,7.46,2,26,0.4123437500000004,4,2,2,2,5,0
11,5,1152.0,12,5637.331181636444,134,12.02,2,15,0.7218749999999998,2,2,2,2,4,0
11,6,1152.0,12,5586.607203600033,102,10.69,3,15,1.8374999999999984,3,3,3,3,7,2.3944006568144474
11,7,1152.0,14,5659.105234951189,109,9.829999999999998,2,45,0.41907894736842066,4,3,2,2,6,0.1996703296703295
11,8,1152.0,13,7533.82061455747,114,10.829999999999998,2,16,1.8374999999999984,3,3,3,3,7,2.6402463054187137
11,9,1152.0,11,7061.187715694893,102,6.17,3,28,0.39375000000000004,3,2,2,2,6,0.2623809523809548
11,10,1152.0,8,20936.189949765387,211,7.669999999999999,2,4,0.4209677419354838,2,1,1,2,3,0
11,11,1152.0,14,9176.153377996798,119,13.11,3,16,1.8374999999999984,3,3,3,3,7,2.5405911330049236
11,12,1152.0,16,9370.227963781386,126,11.064999999999998,2,57,0.41907894736842066,4,3,3,2,7,1.8338095238095242
11,13,1152.0,15,12119.593402848323,131,13.249999999999998,2,14,1.8374999999999984,2,2,3,3,6,1.1541050903119796
11,14,1152.0,13,11556.349305298463,119,7.289999999999999,3,35,0.39375000000000004,3,3,3,3,6,1.274285714285714
11,15,1152.0,11,13300.833570585699,160,10.282,2,9,1.757,2,2,2,2,5,0
11,16,1152.0,16,14780.866707957455,136,15.45,3,16,1.8374999999999984,3,3,3,3,7,2.6205911330049254
11,17,1152.0,19,15597.73283663164,148,13.049999999999999,2,82,0.41907894736842066,4,5,3,2,8,3.6614285714285693
11,18,1152.0,18,20780.872349366815,156,15.589999999999998,2,15,1.8374999999999984,2,3,3,3,6,1.854203612479477
11,19,1152.0,15,18563.916406758177,136,8.549999999999999,3,42,0.39375000000000004,3,3,2,2,7,3.080952380952379
11,20,1152.0,10,45246.20300401835,256,10.189999999999998,2,6,0.4209677419354838,2,1,1,2,3,0
11,21,1152.0,19,25386.119331839996,161,17.71,3,20,1.837500000000003,3,3,3,3,7,2.9540722495894904
11,22,1152.0,21,24792.614499070296,165,14.189999999999998,2,95,0.41907894736842066,4,4,3,2,9,3.5741941391941445
11,23,1152.0,20,32318.91574092886,173,17.849999999999998,2,14,1.8374999999999984,2,2,2,3,6,1.1740065681445024
11,24,1152.0,18,32565.121525220988,162,11.27,3,59,0.39375000000000004,3,3,3,2,8,4.671428571428567
11,25,1152.0,15,36993.96462384033,211,13.637999999999998,2,22,1.1340000000000003,2,3,2,2,7,2.9748177339901467
11,26,1152.0,21,39509.046555867295,178,19.889999999999997,3,20,1.8374999999999984,3,3,3,3,7,2.994072249589486
11,27,1152.0,24,39754.5104067218,187,16.049999999999997,2,126,0.41907894736842066,4,4,3,3,9,5.038241758241764
11,28,1152.0,23,52988.20693923736,198,20.029999999999998,2,15,1.8374999999999984,2,2,2,3,6,1.9341050903119843
11,29,1152.0,20,50495.577496663944,179,12.449999999999998,3,69,0.39375000000000004,3,3,3,2,8,4.8323809523809516
11,30,1152.0,13,102046.59472203527,310,14.049999999999997,2,12,0.42096774193548425,2,2,1,1,4,0
11,31,1152.0,23,60976.22028779519,195,21.989999999999995,3,20,1.8374999999999984,3,3,3,3,7,3.0340722495894887
11,32,1152.0,26,61689.54614115564,204,17.095,2,139,0.41907894736842066,4,4,4,3,9,5.063003663003663
11,33,1152.0,25,80797.28935232214,215,22.129999999999995,2,15,1.8374999999999984,2,2,2,2,6,2.194105090311993
11,34,1152.0,22,77692.8180208456,196,13.589999999999998,3,78,0.39375000000000004,3,3,2,2,9,5.773809523809518
11,35,1152.0,24,96602.61433575265,283,16.769999999999996,3,69,0.21552631578947337,3,2,3,2,7,1.5235960591132987
11,36,1152.0,26,98912.7193916394,220,24.009999999999998,3,23,1.8374999999999984,3,3,3,3,7,3.856699507389166
11,37,1152.0,29,96627.11028036066,226,18.83,2,170,0.41907894736842066,4,4,4,3,9,6.167619047619045
11,38,1152.0,28,128829.33835948218,240,24.15,2,16,1.8374999999999984,2,2,2,2,6,3.1342036124794745
11,39,1152.0,25,127726.64435962307,222,16.189999999999998,3,98,0.39375000000000004,3,3,2,2,10,6.677619047619043
11,40,1152.0,15,217588.48186202085,355,16.25,2,15,0.42096774193548425,2,2,1,1,5,0
12,1,1344.0,8,2570.8089625804782,67,9.1,2,0,-1,1,1,1,1,3,0
12,2,1344.0,9,3408.320879743711,79,6.66,3,18,0.21552631578947337,3,2,2,2,3,0
12,3,1344.0,12,5274.583607718494,97,12.450000000000001,2,13,2.362500000000001,2,2,2,2,6,0.6547619047619051
12,4,1344.0,7,4628.63805948366,78,7.0,2,1,6.766666666666681,2,2,2,2,4,0
12,5,1344.0,13,7431.4731055311695,141,12.77,2,35,0.7875,3,3,2,2,7,3.1447619047619106
12,6,1344.0,14,6472.758691067624,108,14.06,2,44,0.5428977272727268,3,3,2,2,6,0.6436263736263683
12,7,1344.0,14,6790.926281941429,109,9.829999999999998,2,45,0.41907894736842066,4,3,2,2,5,0
12,8,1344.0,11,7604.23015301128,103,8.629999999999999,3,9,0.31131578947368455,2,2,2,2,4,0
12,9,1344.0,11,8473.425258833873,102,6.17,3,28,0.39375000000000004,3,2,2,1,5,0
12,10,1344.0,12,25844.40931547198,229,11.510000000000002,2,33,0.2989051094890514,4,2,2,2,4,0
12,11,1344.0,16,10684.460370493432,125,16.43,2,50,0.5428977272727268,3,4,2,2,7,1.8153846153846196
12,12,1344.0,16,11244.273556537668,126,11.064999999999998,2,57,0.41907894736842066,4,3,2,2,6,0.14824175824175612
12,13,1344.0,12,11914.755204490319,115,9.87,3,9,0.3412500000000002,2,2,2,2,4,0
12,14,1344.0,13,13867.619166358158,119,7.289999999999999,3,36,0.39375000000000004,3,2,2,2,6,0.7847619047619041
12,15,1344.0,11,15961.000284702835,160,10.282,2,10,1.757,2,2,2,2,5,0
12,16,1344.0,19,17737.040049548938,147,19.51,2,72,0.5428977272727296,3,4,3,2,9,3.0557142857142807
12,17,1344.0,19,18717.279403957975,148,13.049999999999999,2,83,0.41907894736842066,4,4,2,2,7,2.8669597069597046
12,18,1344.0,15,20905.597817484984,140,12.409999999999998,3,13,0.3711842105263164,2,2,2,2,4,0
12,19,1344.0,15,22276.699688109813,136,8.549999999999999,3,44,0.39375000000000004,3,2,2,2,6,1.7761904761904823
12,20,1344.0,15,56347.46752042818,279,14.69,2,51,0.2989051094890514,4,3,2,2,6,0.1782417582417537
12,21,1344.0,21,28145.15708166143,164,21.705,2,80,0.5428977272727296,3,4,3,2,8,2.2942857142857243
12,22,1344.0,21,29751.137398884366,165,14.189999999999998,2,97,0.41907894736842066,4,4,3,2,8,3.7619597069597077
12,23,1344.0,16,31886.479544395304,152,13.549999999999997,3,13,0.4011184210526321,2,2,2,2,4,0
12,24,1344.0,18,39078.1458302652,162,11.27,3,60,0.39375000000000004,3,2,2,2,7,3.1661904761904864
12,25,1344.0,15,44392.757548608366,211,13.637999999999998,2,23,1.1340000000000003,2,3,2,2,7,1.9903448275862061
12,26,1344.0,24,45057.12543392528,186,24.58,2,106,0.5428977272727296,3,4,4,3,8,2.646666666666661
12,27,1344.0,24,47705.41248806618,187,16.049999999999997,2,129,0.41907894736842066,4,4,3,2,9,4.689670329670328
12,28,1344.0,19,53205.47065789482,177,15.95,3,20,0.21552631578947337,2,2,2,2,4,0
12,29,1344.0,20,60594.69299599672,179,12.449999999999998,3,70,0.39375000000000004,3,3,2,2,7,5.12761904761906
12,30,1344.0,18,122012.2328198248,329,17.65,2,75,0.2989051094890514,3,3,3,2,6,0.6921978021977999
12,31,1344.0,26,69842.78684467198,203,26.599999999999998,2,110,0.5428977272727296,3,3,4,3,7,2.6280036630036747
12,32,1344.0,26,74027.4553693868,204,17.095,2,145,0.41907894736842066,4,4,3,2,9,5.172289377289374
12,33,1344.0,20,79886.89735961994,189,16.989999999999995,3,20,0.21552631578947337,2,2,2,2,5,0
12,34,1344.0,22,93231.38162501474,196,13.589999999999998,3,80,0.39375000000000004,3,3,2,2,8,5.417619047619052
12,35,1344.0,24,115923.1372029031,283,16.769999999999996,3,72,0.21552631578947337,3,3,2,2,7,2.6755172413793105
12,36,1344.0,29,109280.34153750537,225,29.269999999999996,2,130,0.5428977272727296,3,3,4,3,6,2.0153479853479794
12,37,1344.0,29,115952.53233643279,226,18.83,2,183,0.41907894736842066,4,5,4,3,10,5.997289377289377
12,38,1344.0,23,129199.49136163933,214,19.249999999999996,3,25,0.21552631578947337,3,2,2,2,5,0
12,39,1344.0,25,153271.97323154763,222,16.189999999999998,3,102,0.39375000000000004,3,3,2,2,9,5.948571428571434
12,40,1344.0,21,262659.0611975865,379,20.389999999999997,2,101,0.2989051094890514,3,4,3,2,8,2.5699128457748976
13,1,768.0,8,3379.2020698890224,69,7.7700000000000005,2,5,2.362500000000001,2,2,2,2,5,0
13,2,768.0,6,4089.985055692454,68,4.08,2,2,7.443333333333341,2,2,2,2,5,0
13,3,768.0,6,4547.4080035475945,69,5.680000000000001,2,5,0.7000000000000001,2,2,1,1,4,0
13,4,768.0,7,5554.365671380392,78,6.79,2,0,-1,2,2,1,1,3,0
13,5,768.0,11,7482.454187521624,131,8.98,2,37,0.4789473684210532,4,3,2,2,6,0.11208791208791169
13,6,768.0,10,6947.707867749858,90,6.5600000000000005,2,17,0.6124999999999999,3,3,2,2,7,1.980476190476189
13,7,768.0,9,9162.682625186648,97,8.629999999999999,3,4,1.7150000000000007,2,2,1,1,4,0
13,8,768.0,11,9125.076183613535,103,8.629999999999999,3,9,0.31131578947368455,3,2,2,2,4,0
13,9,768.0,11,10168.11031060065,102,6.17,3,27,0.39375000000000004,3,3,2,2,7,2.6585714285714275
13,10,768.0,8,30148.113527662157,211,7.669999999999999,2,4,0.4209677419354838,2,1,1,1,3,0
13,11,768.0,12,11662.259386318845,107,7.699999999999999,2,21,0.6124999999999999,3,3,2,2,7,3.1828571428571415
13,12,768.0,10,14257.611455825097,109,9.87,3,5,1.68,2,2,2,1,4,0
13,13,768.0,12,14297.706245388385,115,9.87,3,9,0.3412500000000002,3,2,2,2,4,0
13,14,768.0,13,16641.142999629792,119,7.289999999999999,3,33,0.39375000000000004,3,3,3,3,8,3.998571428571431
13,15,768.0,11,19153.2003416434,160,10.282,2,9,1.757,2,2,2,2,5,0
13,16,768.0,14,19090.435048590356,124,8.799999999999999,2,25,0.6124999999999999,3,3,3,2,7,4.262857142857142
13,17,768.0,12,24109.477586036846,129,12.409999999999998,3,6,1.6449999999999994,2,2,2,1,4,0
13,18,768.0,15,25086.717380981976,140,12.409999999999998,3,13,0.3711842105263164,3,2,2,2,4,0
13,19,768.0,15,26732.039625731788,136,8.549999999999999,3,39,0.39375000000000004,3,3,3,2,8,4.814285714285713
13,20,768.0,10,65154.53232578643,256,10.189999999999998,2,6,0.4209677419354838,2,2,1,1,4,0
13,21,768.0,16,30671.385542000637,141,9.86,2,30,0.6124999999999999,3,3,3,2,7,5.051428571428572
13,22,768.0,13,36695.1930230351,141,13.549999999999997,3,7,1.61,2,2,2,2,4,0
13,23,768.0,16,38263.77545327437,152,13.549999999999997,3,13,0.4011184210526321,3,2,2,2,4,0
13,24,768.0,18,46893.774996318236,162,11.27,3,52,0.39375000000000004,3,3,3,3,9,5.1590476190476195
13,25,768.0,15,53271.30905833006,211,13.637999999999998,2,19,1.1340000000000003,2,2,3,2,6,0.6434285714285721
13,26,768.0,19,53816.365117162255,167,11.059999999999999,3,49,0.23624999999999993,3,3,3,2,8,5.906190476190474
13,27,768.0,15,59787.17984340079,161,15.949999999999998,3,7,1.5749999999999993,2,2,2,2,4,0
13,28,768.0,19,63846.56478947378,177,15.95,3,18,0.21552631578947337,3,2,2,2,4,0
13,29,768.0,20,72713.63159519609,179,12.449999999999998,3,58,0.39375000000000004,3,3,3,3,9,5.911904761904761
13,30,768.0,13,146947.09639973074,310,14.049999999999997,2,12,0.42096774193548425,2,2,2,1,5,0
13,31,768.0,21,83454.70019567614,184,12.089999999999998,3,54,0.23624999999999993,3,3,3,3,8,6.410476190476192
13,32,768.0,17,97700.9514238309,182,16.989999999999995,3,14,1.1549999999999971,2,2,2,2,5,0
13,33,768.0,20,95864.27683154395,189,16.989999999999995,3,18,0.21552631578947337,3,2,2,2,4,0
13,34,768.0,22,111877.65795001764,196,13.589999999999998,3,64,0.39375000000000004,3,3,3,3,9,6.759047619047617
13,35,768.0,24,139107.7646434838,283,16.769999999999996,3,61,0.21552631578947337,4,3,2,3,6,0.11571428571428655
13,36,768.0,23,128412.80748668707,201,13.189999999999998,3,57,0.23624999999999993,3,3,3,3,8,6.923809523809517
13,37,768.0,19,153954.69095298866,202,19.249999999999996,3,14,1.0849999999999986,2,2,2,2,5,0
13,38,768.0,23,155039.38963396716,214,19.249999999999996,3,23,0.21552631578947337,3,2,2,2,4,0
13,39,768.0,25,183926.36787785718,222,16.189999999999998,3,77,0.39375000000000004,3,3,3,3,9,6.900476190476187
13,40,768.0,15,313327.4138813099,355,16.25,2,15,0.42096774193548425,2,2,2,1,5,0
14,1,1248.0,8,4055.042483866827,69,8.47,2,0,-1,1,1,1,1,3,0
14,2,1248.0,10,5160.26151886431,84,5.52,3,18,0.21552631578947337,3,2,2,2,3,0
14,3,1248.0,11,7300.433389479112,97,6.54,3,30,0.4310526315789478,3,2,2,2,6,0.7503448275862077
14,4,1248.0,8,5506.066839455346,74,6.699999999999999,2,12,0.23624999999999993,2,2,2,2,4,0
14,5,1248.0,12,9289.537462998542,136,10.149999999999999,2,35,0.24882812499999976,3,2,2,2,4,0
14,6,1248.0,14,8624.740801344653,106,10.69,3,20,0.21552631578947365,2,2,2,2,6,0.12428571428571544
14,7,1248.0,11,8984.294113899825,98,7.119999999999999,3,7,0.21552631578947365,2,2,2,2,3,0
14,8,1248.0,11,10950.09142033624,103,8.629999999999999,3,9,0.31131578947368455,2,2,2,2,4,0
14,9,1248.0,11,11847.788990916662,104,5.699999999999999,3,28,0.20617187500000003,3,2,2,2,3,0
14,10,1248.0,12,37215.94941427962,229,11.510000000000002,2,33,0.2989051094890514,4,3,2,2,5,0
14,11,1248.0,16,14401.285444023077,123,13.11,3,20,0.21552631578947365,2,2,2,2,6,0.2042857142857173
14,12,1248.0,12,14265.256287704891,110,8.399999999999999,3,8,0.21552631578947365,2,2,2,2,3,0
14,13,1248.0,12,17157.247494466057,115,9.87,3,9,0.3412500000000002,2,2,2,2,4,0
14,14,1248.0,12,18546.751459217998,116,6.799999999999999,3,30,0.2346093750000001,3,2,2,2,3,0
14,15,1248.0,11,22983.840409972086,160,10.282,2,9,1.757,2,2,2,2,5,0
14,16,1248.0,19,24149.274243765016,145,15.45,3,24,0.21552631578947365,2,2,2,2,6,0.2842857142857156
14,17,1248.0,14,23093.203642948287,127,9.639999999999999,3,9,0.2634210526315787,2,2,2,2,3,0
14,18,1248.0,15,30104.060857178367,140,12.409999999999998,3,13,0.3711842105263164,2,2,2,2,4,0
14,19,1248.0,14,29582.21527920701,133,8.04,3,40,0.21552631578947337,3,2,2,2,4,0
14,20,1248.0,15,81140.3532294165,279,14.69,2,51,0.2989051094890514,4,3,2,2,6,0.31505494505494624
14,21,1248.0,21,38560.35121861753,162,17.71,3,24,0.21552631578947365,2,2,2,2,6,0.36428571428571743
14,22,1248.0,15,35777.81319745921,139,10.839999999999998,3,10,0.2155263157894739,2,2,2,2,4,0
14,23,1248.0,16,45916.53054392923,152,13.549999999999997,3,13,0.4011184210526321,2,2,2,2,4,0
14,24,1248.0,16,50898.18724319484,154,9.239999999999998,3,56,0.2454605263157896,3,2,2,2,5,0
14,25,1248.0,15,63925.57086999606,211,13.637999999999998,2,23,1.1340000000000003,2,3,2,2,7,2.553773399014787
14,26,1248.0,24,62098.133769681466,184,19.889999999999997,3,29,0.21552631578947337,3,2,2,2,6,0.4442857142857193
14,27,1248.0,17,56435.63811619385,156,11.999999999999998,3,14,0.2155263157894739,2,2,2,2,4,0
14,28,1248.0,19,76615.87774736852,177,15.95,3,18,0.21552631578947337,3,2,2,2,4,0
14,29,1248.0,18,78687.20235476723,171,10.399999999999999,3,69,0.24882812499999976,3,2,2,2,6,0.14142857142857324
14,30,1248.0,18,175697.61526054755,329,17.65,2,73,0.2989051094890514,3,3,3,2,7,1.474725274725273
14,31,1248.0,26,96636.26309837782,201,21.989999999999995,3,30,0.21552631578947337,2,2,2,2,6,0.5242857142857176
14,32,1248.0,19,95590.97782500641,177,13.119999999999997,3,20,0.2155263157894739,2,2,2,2,5,0
14,33,1248.0,20,115037.13219785267,189,16.989999999999995,3,18,0.21552631578947337,3,2,2,2,4,0
14,34,1248.0,19,118446.29909182402,183,11.519999999999998,3,73,0.21552631578947337,3,2,2,2,6,0.8685714285714283
14,35,1248.0,24,166929.31757218044,283,16.769999999999996,3,71,0.21552631578947337,3,3,2,2,7,2.0244334975369505
14,36,1248.0,29,151795.4381036658,223,24.009999999999998,3,35,0.21552631578947337,3,2,2,2,6,0.6042857142857159
14,37,1248.0,21,146862.3962012217,194,14.199999999999998,3,24,0.2155263157894739,2,2,2,2,5,0
14,38,1248.0,23,186047.2675607606,214,19.249999999999996,3,23,0.21552631578947337,3,2,2,2,5,0
14,39,1248.0,22,196419.94830224093,209,12.599999999999998,3,108,0.21552631578947337,4,2,2,2,7,1.817142857142855
14,40,1248.0,21,378229.0481245242,379,20.389999999999997,2,99,0.2989051094890514,3,4,3,2,8,3.060769230769221
15,1,1248.0,9,5739.115536533418,76,5.76,2,15,0.9450000000000008,2,3,3,2,6,1.3780952380952343
15,2,1248.0,6,6109.749638335344,68,5.31,2,5,0.6124999999999999,2,1,1,1,3,0
15,3,1248.0,9,9615.924383717942,92,5.78,2,4,13.195000000000016,2,2,2,2,6,1.5806896551724137
15,4,1248.0,10,8725.403527404833,93,6.08,3,16,0.3696875,2,2,2,2,3,0
15,5,1248.0,12,15721.624496649207,150,11.73,2,8,0.5550781250000009,2,1,2,2,3,0
15,6,1248.0,13,13599.854442541358,112,13.939999999999998,2,10,2.664374999999996,2,3,3,3,6,0.5366995073891658
15,7,1248.0,14,11734.72061519479,109,9.829999999999998,2,45,0.41907894736842066,4,3,2,2,6,0.09197802197801863
15,8,1248.0,10,15559.558475373024,105,10.36,2,10,0.6124999999999999,2,3,2,2,5,0
15,9,1248.0,11,14217.346789099998,104,5.699999999999999,3,28,0.20617187500000003,3,2,2,2,3,0
15,10,1248.0,15,51511.34629229692,255,12.07,3,59,0.23194335937499966,4,3,2,2,5,0
15,11,1248.0,15,21877.97063591263,129,16.319999999999997,2,10,2.664374999999996,2,3,3,3,6,0.5903448275862075
15,12,1248.0,16,19430.10470569708,126,11.064999999999998,2,57,0.41907894736842066,4,3,3,2,6,0.6183882783882773
15,13,1248.0,11,24010.31425873129,117,11.579999999999998,2,11,0.6124999999999999,2,3,2,2,5,0
15,14,1248.0,12,22256.101751061608,116,6.799999999999999,3,30,0.2346093750000001,3,2,2,2,3,0
15,15,1248.0,18,39032.998750301456,204,10.899000000000001,3,80,0.3149999999999999,5,3,2,2,6,1.4001182266009877
15,16,1248.0,18,37513.08314858536,154,19.959999999999997,2,8,2.664374999999996,2,2,2,3,5,0
15,17,1248.0,19,32343.458810039378,148,13.049999999999999,2,83,0.41907894736842066,4,4,3,2,8,3.150146520146521
15,18,1248.0,13,40046.04862294397,137,14.099999999999998,2,13,0.6124999999999999,2,2,2,2,5,0
15,19,1248.0,14,35498.65833504842,133,8.04,3,40,0.21552631578947337,3,2,2,2,4,0
15,20,1248.0,18,111072.83786562257,305,14.129999999999999,3,80,0.23194335937499966,3,3,2,2,5,0
15,21,1248.0,20,58341.25502910034,171,22.159999999999997,2,8,2.664374999999996,2,2,3,3,5,0
15,22,1248.0,21,51409.96542527216,165,14.189999999999998,2,97,0.41907894736842066,4,4,3,2,9,4.027619047619048
15,23,1248.0,14,60645.21635866286,149,15.219999999999997,2,14,0.6124999999999999,2,2,3,2,5,0
15,24,1248.0,16,61077.82469183383,154,9.239999999999998,3,56,0.2454605263157896,3,2,2,2,5,0
15,25,1248.0,23,101106.30926293365,260,13.583999999999998,3,134,0.3149999999999999,5,3,2,2,8,7.116643425539966
15,26,1248.0,23,95652.914824176,196,25.58,2,7,2.664374999999996,2,2,2,3,5,0
15,27,1248.0,24,82434.95277937833,187,16.049999999999997,2,129,0.41907894736842066,4,4,3,2,9,4.622454212454215
15,28,1248.0,17,106622.60445858838,178,19.049999999999997,2,27,0.6124999999999998,2,2,3,2,5,0
15,29,1248.0,18,94424.6428257207,171,10.399999999999999,3,69,0.24882812499999976,3,2,2,2,6,0.14142857142857324
15,30,1248.0,22,248212.81283171914,364,17.83,3,120,0.23194335937499966,3,3,3,2,7,2.7613186813186736
15,31,1248.0,25,145853.13757275086,213,27.599999999999994,2,7,2.6643750000000095,2,2,2,3,5,0
15,32,1248.0,26,127919.44287830031,204,17.095,2,144,0.41907894736842066,4,4,3,3,9,5.365146520146521
15,33,1248.0,18,158810.23583416385,190,20.069999999999997,2,28,0.6124999999999998,2,2,2,3,5,0
15,34,1248.0,19,142135.55891018888,183,11.519999999999998,3,73,0.21552631578947337,3,2,2,2,6,0.8685714285714283
15,35,1248.0,27,234197.99250180877,307,16.064999999999998,3,181,0.3149999999999999,5,4,3,2,9,9.868916256157632
15,36,1248.0,28,232559.3267023626,238,30.799999999999997,2,7,2.6643750000000095,2,2,2,2,5,0
15,37,1248.0,29,200365.9758773558,226,18.83,2,179,0.41907894736842066,4,4,4,3,9,5.761904761904759
15,38,1248.0,20,248952.9356059685,210,22.309999999999995,2,27,0.6124999999999998,2,2,2,3,5,0
15,39,1248.0,22,235703.93796268918,209,12.599999999999998,3,108,0.21552631578947337,4,2,2,2,7,1.817142857142855
15,40,1248.0,26,548559.8998643862,423,21.389999999999997,3,163,0.23194335937499966,3,4,3,2,9,5.463956043956028
